{
    "study":
    {
        "name":"MySuperProject",
        "design_name": "d02"
    },
    "groups":
    [
      {
        "name": "healthy_controls",
        "subjects": ["HC_01","HC_02","HC_03","HC_04"],
        "user_design_file":"/my/path/to/MySuperProject/user_design_d02.m"
      },
      {
        "name": "patients",
        "subjects": ["P_01","P_02","P_03","P_04"],
        "user_design_file":"/my/path/to/MySuperProject/user_design_d02.m"
      }
    ],
    "Analysis":
    {
      "ROI": "/my/path/to/MySuperProject/user_design_d02.m/ROIS_Amygdala.csv"
    }
}
